guide_id,gene,exon,guide_strand,cut_chr_pos,fwd_primer,rev_primer,amplicon_chr,uncut_band_bp,cleaved_band_1_bp,cleaved_band_2_bp,size_difference_bp,bands_well_separated,shared_primers_with,primer_blast_verdict
PIP4K2C_g2,PIP4K2C,5,-,57599123,PIP4K2C_g2_F,PIP4K2C_g2_R,chr12:57598860-57599524,665,401,264,137,yes,,Low risk
PIP4K2C_g3,PIP4K2C,1,-,57591368,PIP4K2C_g3_F,PIP4K2C_g3_R,chr12:57590951-57591672,722,418,304,114,yes,,Low risk
MUTYH_g1,MUTYH,7,-,45332792,MUTYH_g1_F,MUTYH_g1_R,chr1:45332381-45333084,704,412,292,120,yes,,Low risk
MUTYH_g2,MUTYH,9,-,45332461,MUTYH_g2_F,MUTYH_g2_R,chr1:45332066-45332744,679,396,283,113,yes,,Low risk
MUTYH_g3,MUTYH,8,+,45332654,MUTYH_g1_F,MUTYH_g1_R,chr1:45332381-45333084,704,430,274,156,yes,MUTYH_g1,Low risk
KRAS_g1,KRAS,1,+,25245326,KRAS_g1_F,KRAS_g1_R,chr12:25245066-25245773,708,447,261,186,yes,,Clean
G6PD_g1,G6PD,7,+,154533598,G6PD_g1_F,G6PD_g1_R,chrX:154533359-154534048,690,450,240,210,yes,,"Low risk (weak chr13 product, 560 bp)"
G6PD_g2,G6PD,3,-,154536003,G6PD_g2_F,G6PD_g2_R,chrX:154535697-154536444,748,441,307,134,yes,,Clean
G6PD_g3,G6PD,5,+,154534410,G6PD_g34_F,G6PD_g34_R,chrX:154533951-154534651,701,460,241,219,yes,,Low risk
G6PD_g4,G6PD,5,-,154534376,G6PD_g34_F,G6PD_g34_R,chrX:154533951-154534651,701,426,275,151,yes,G6PD_g3,Low risk
G6PD_g5,G6PD,1,+,154546076,G6PD_g5_F,G6PD_g5_R,chrX:154545868-154546504,637,428,209,219,yes,,Clean
